<?xml version="1.0" encoding="UTF-8"?>
<project-private xmlns="http://www.netbeans.org/ns/project-private/1">
    <editor-bookmarks xmlns="http://www.netbeans.org/ns/editor-bookmarks/2" lastBookmarkId="0"/>
    <open-files xmlns="http://www.netbeans.org/ns/projectui-open-files/2">
        <group>
            <file>file:/C:/Users/thienlh/Documents/NetBeansProjects/AJ_lab/THIENLHSE61374_SE0865_AJ_lab05/src/java/sample/account/AccountDAO.java</file>
            <file>file:/C:/Users/thienlh/Documents/NetBeansProjects/AJ_lab/THIENLHSE61374_SE0865_AJ_lab05/web/error.html</file>
            <file>file:/C:/Users/thienlh/Documents/NetBeansProjects/AJ_lab/THIENLHSE61374_SE0865_AJ_lab05/web/view_detail.jsp</file>
            <file>file:/C:/Users/thienlh/Documents/NetBeansProjects/AJ_lab/THIENLHSE61374_SE0865_AJ_lab05/web/view.jsp</file>
            <file>file:/C:/Users/thienlh/Documents/NetBeansProjects/AJ_lab/THIENLHSE61374_SE0865_AJ_lab05/web/index.jsp</file>
        </group>
    </open-files>
</project-private>
