<?xml version="1.0" encoding="UTF-8"?>
<project-private xmlns="http://www.netbeans.org/ns/project-private/1">
    <editor-bookmarks xmlns="http://www.netbeans.org/ns/editor-bookmarks/2" lastBookmarkId="0"/>
    <open-files xmlns="http://www.netbeans.org/ns/projectui-open-files/2">
        <group>
            <file>file:/C:/Users/thienle/Documents/NetBeansProjects/AJ_lab/SE0865_THIENLHSE61374_AJ_lab02/web/addProducts.html</file>
            <file>file:/C:/Users/thienle/Documents/NetBeansProjects/AJ_lab/SE0865_THIENLHSE61374_AJ_lab02/src/java/sample/product/ProductDAO.java</file>
            <file>file:/C:/Users/thienle/Documents/NetBeansProjects/AJ_lab/SE0865_THIENLHSE61374_AJ_lab02/src/java/sample/servlet/SaveServlet.java</file>
            <file>file:/C:/Users/thienle/Documents/NetBeansProjects/AJ_lab/SE0865_THIENLHSE61374_AJ_lab02/src/java/sample/servlet/DisplayServlet.java</file>
            <file>file:/C:/Users/thienle/Documents/NetBeansProjects/AJ_lab/SE0865_THIENLHSE61374_AJ_lab02/src/java/sample/servlet/CenterServlet.java</file>
            <file>file:/C:/Users/thienle/Documents/NetBeansProjects/AJ_lab/SE0865_THIENLHSE61374_AJ_lab02/web/index.html</file>
        </group>
    </open-files>
</project-private>
